Strength,WSBA G-xG,MoneyPuck G-xG,Compare
5v5,-0.021800907599027204,-0.006879162702188378,MoneyPuck
5v4,-0.017477041309142342,0.09953785510398261,WSBA
4v5,-0.006068792874339329,0.0011268179964659497,MoneyPuck
Other,0.04332030370324659,-0.02596574690770695,MoneyPuck
All,-0.0029826860999047707,0.08545195052331114,WSBA
