Strength,WSBA G-xG,MoneyPuck G-xG,Compare
5v5,0.011469629477921956,0.011275220372184137,MoneyPuck
5v4,0.04008703522998542,0.07229709435194255,WSBA
4v5,-0.005576301130357348,0.0012882794645772111,MoneyPuck
Other,0.26762741349303387,-0.043131570355860266,MoneyPuck
All,0.3027123815391877,0.048464903689193595,MoneyPuck
