{
    "coefficients": [
        0.7125201008423899,
        -0.011002903498651979,
        0.021082703274382622,
        -0.024438460291564584,
        -0.0796780802940347,
        0.16047092697299156,
        -0.36024452035303495,
        -0.06976024085314053,
        -0.07677165456384195,
        -0.06938294602728223,
        -0.00017819726085868857,
        0.07883253026540926,
        -0.052640439976178836
    ],
    "intercept": 0.002343584437601908,
    "features": [
        "points",
        "penalties_drawn_percentage",
        "puck_management_percentage",
        "faceoff_percentage",
        "even_strength_expected_goals_contribution_percentage",
        "even_strength_expected_goals_for",
        "even_strength_expected_goals_against",
        "power_play_expected_goals_contribution_percentage",
        "power_play_expected_goals_for",
        "power_play_expected_goals_against",
        "short_handed_expected_goals_contribution_percentage",
        "short_handed_expected_goals_for",
        "short_handed_expected_goals_against"
    ],
    "scaler_mean": [
        0.45125219711041026,
        0.13605687466275354,
        0.2218437872883827,
        0.17487603378053662,
        0.20594397177293264,
        0.5664405219192034,
        0.5658818943890535,
        0.08853404850110877,
        0.13501129385752417,
        0.0911134779364371,
        0.04289741036602445,
        0.01040165008979066,
        0.06674849346423202
    ],
    "scaler_scale": [
        0.7232297752419882,
        0.3237595841784057,
        0.3810672335172166,
        0.2888534277372236,
        0.22197656616951575,
        0.3715801072273228,
        0.35767812439837693,
        0.21793905032222538,
        0.27336935974155985,
        0.2011097558172389,
        0.1965501559623032,
        0.049746330762533604,
        0.17981990148142613
    ]
}