{
    "coefficients": [
        0.9655006967848216,
        -1.2676128316880209
    ],
    "intercept": -0.14998925578396927,
    "features": [
        "expected_goals_for_percentage",
        "goals_against_per_expected_goals_against"
    ],
    "scaler_mean": [
        0.5030085578503751,
        1.1354284411398454
    ],
    "scaler_scale": [
        0.11999010157001411,
        0.8693862732123802
    ]
}